Id,Position,First Name,Nickname,Last Name,FPPG,Played,Salary,Game,Team,Opponent,Injury Indicator,Injury Details
21492-9416,G,Braden,Braden Holtby,Holtby,23,4,9300,TOR@WAS,WAS,TOR,,
21492-8718,W,Alex,Alex Ovechkin,Ovechkin,29.44999949,6,9200,TOR@WAS,WAS,TOR,,
21492-64102,C,Connor,Connor McDavid,McDavid,20.60000038,4,9200,CAR@EDM,EDM,CAR,,
21492-12163,G,Sergei,Sergei Bobrovsky,Bobrovsky,32,4,9200,CLS@WPG,CLS,WPG,,
21492-8452,G,Carey,Carey Price,Price,8.959999847,5,9100,MON@SJ,MON,SJ,,
21492-8594,C,Sidney,Sidney Crosby,Crosby,18.59999975,6,9000,PIT@NYR,PIT,NYR,,
21492-8883,G,Ben,Ben Bishop,Bishop,18.20000076,4,9000,ARI@DAL,DAL,ARI,,
21492-42869,G,Matt,Matt Murray,Murray,18.88000031,5,8800,PIT@NYR,PIT,NYR,,
21492-9278,G,Martin,Martin Jones,Jones,10.40000025,3,8700,MON@SJ,SJ,MON,,
21492-11301,G,Cam,Cam Talbot,Talbot,10.60000038,4,8600,CAR@EDM,EDM,CAR,,
21492-12417,C,Tyler,Tyler Seguin,Seguin,20.93999939,5,8600,ARI@DAL,DAL,ARI,,
21492-43214,W,Nikita,Nikita Kucherov,Kucherov,22.86000061,5,8600,TB@DET,TB,DET,,
21492-54565,G,Andrei,Andrei Vasilevskiy,Vasilevskiy,22.88000031,5,8600,TB@DET,TB,DET,,
21492-23072,G,Frederik,Frederik Andersen,Andersen,16.63999939,5,8600,TOR@WAS,TOR,WAS,,
21492-8655,C,Steven,Steven Stamkos,Stamkos,20.08000031,5,8400,TB@DET,TB,DET,,
21492-8532,G,Henrik,Henrik Lundqvist,Lundqvist,14.88000031,5,8300,PIT@NYR,NYR,PIT,,
21492-8612,G,Marc-Andre,Marc-Andre Fleury,Fleury,23.79999924,4,8200,BUF@VGK,VGK,BUF,IR,Concussion
21492-8712,G,Roberto,Roberto Luongo,Luongo,16.79999924,2,8200,FLA@PHI,FLA,PHI,,
21492-8292,G,Craig,Craig Anderson,Anderson,21.79999924,4,8100,VAN@OTT,OTT,VAN,,
21492-70899,C,Auston,Auston Matthews,Matthews,23.71999969,5,8100,TOR@WAS,TOR,WAS,,
21492-8472,G,Pekka,Pekka Rinne,Rinne,18.20000076,4,8100,COL@NSH,NSH,COL,,
21492-8353,G,Jimmy,Jimmy Howard,Howard,33.86666616,3,8000,TB@DET,DET,TB,,
21492-8595,C,Evgeni,Evgeni Malkin,Malkin,11.23333359,6,8000,PIT@NYR,PIT,NYR,,
21492-8319,W,James,James Neal,Neal,24.52499962,4,7900,BUF@VGK,VGK,BUF,,
21492-39253,W,Filip,Filip Forsberg,Forsberg,21.46000061,5,7900,COL@NSH,NSH,COL,,
21492-8732,G,Semyon,Semyon Varlamov,Varlamov,27.79999924,4,7900,COL@NSH,COL,NSH,,
21492-8986,W,Jamie,Jamie Benn,Benn,14.7,5,7900,ARI@DAL,DAL,ARI,,
21492-12697,G,Philipp,Philipp Grubauer,Grubauer,2,2,7800,TOR@WAS,WAS,TOR,,
21492-58909,G,Connor,Connor Hellebuyck,Hellebuyck,22.79999924,4,7800,CLS@WPG,WPG,CLS,,
21492-42709,G,Scott,Scott Darling,Darling,11.19999949,3,7800,CAR@EDM,CAR,EDM,,
21492-12283,G,Jacob,Jacob Markstrom,Markstrom,13.19999981,4,7800,VAN@OTT,VAN,OTT,,
21492-58904,G,Aaron,Aaron Dell,Dell,7.599999905,2,7700,MON@SJ,SJ,MON,,
21492-64100,C,Jack,Jack Eichel,Eichel,17.36000061,5,7700,BUF@VGK,BUF,VGK,,
21492-54065,G,Joonas,Joonas Korpisalo,Korpisalo,-8.E-01,1,7700,CLS@WPG,CLS,WPG,,
21492-70900,W,Patrik,Patrik Laine,Laine,13.11999969,5,7600,CLS@WPG,WPG,CLS,,
21492-8944,G,Chad,Chad Johnson,Johnson,-1.600000024,2,7600,BUF@VGK,BUF,VGK,,
21492-8172,G,Kari,Kari Lehtonen,Lehtonen,-1.600000024,2,7600,ARI@DAL,DAL,ARI,,
21492-62493,W,Artemi,Artemi Panarin,Panarin,15.61999969,5,7500,CLS@WPG,CLS,WPG,,
21492-8233,G,Curtis,Curtis McElhinney,McElhinney,16.76190476,21,7500,TOR@WAS,TOR,WAS,,
21492-9288,G,Antti,Antti Niemi,Niemi,-2.799999952,2,7500,PIT@NYR,PIT,NYR,,
21492-9302,G,Michal,Michal Neuvirth,Neuvirth,12,1,7500,FLA@PHI,PHI,FLA,,
21492-8293,G,Peter,Peter Budaj,Budaj,16.18666687,60,7500,TB@DET,TB,DET,,
21492-8593,G,Al,Al Montoya,Montoya,-2.400000095,1,7500,MON@SJ,MON,SJ,,
21492-8776,G,Ondrej,Ondrej Pavelec,Pavelec,2.799999952,2,7500,PIT@NYR,NYR,PIT,,
21492-9052,G,James,James Reimer,Reimer,12,2,7500,FLA@PHI,FLA,PHI,,
21492-66411,G,Juuse,Juuse Saros,Saros,8,1,7500,COL@NSH,NSH,COL,,
21492-39844,G,Mike,Mike Condon,Condon,36,1,7500,VAN@OTT,OTT,VAN,,
21492-15271,G,Laurent,Laurent Brossoit,Brossoit,6,2,7500,CAR@EDM,EDM,CAR,,
21492-15321,C,Mark,Mark Scheifele,Scheifele,15.4,5,7500,CLS@WPG,WPG,CLS,,
21492-12252,G,Anders,Anders Lindback,Lindback,0,0,7500,COL@NSH,NSH,COL,,
21492-15400,G,Petr,Petr Mrazek,Mrazek,15.19999981,2,7400,TB@DET,DET,TB,,
21492-40050,G,Antti,Antti Raanta,Raanta,6.933333079,3,7400,ARI@DAL,ARI,DAL,DTD,Lower body
21492-8312,G,Steve,Steve Mason,Mason,-4.E-01,2,7400,CLS@WPG,WPG,CLS,,
21492-8553,G,Brian,Brian Elliott,Elliott,15.80000019,4,7400,FLA@PHI,PHI,FLA,,
21492-8682,W,Phil,Phil Kessel,Kessel,12.83333333,6,7400,PIT@NYR,PIT,NYR,,
21492-8780,G,Jonathan,Jonathan Bernier,Bernier,16.79999924,2,7400,COL@NSH,COL,NSH,,
21492-8864,G,Robin,Robin Lehner,Lehner,7.680000305,5,7400,BUF@VGK,BUF,VGK,,
21492-8252,G,Cam,Cam Ward,Ward,15.06885266,61,7300,CAR@EDM,CAR,EDM,,
21492-8441,W,Max,Max Pacioretty,Pacioretty,9.119999695,5,7300,MON@SJ,MON,SJ,,
21492-8615,W,Joe,Joe Pavelski,Pavelski,8.399999619,4,7300,MON@SJ,SJ,MON,,
21492-58331,W,Leon,Leon Draisaitl,Draisaitl,16.26666641,3,7300,CAR@EDM,EDM,CAR,DTD,Concussion
21492-43131,G,Malcolm,Malcolm Subban,Subban,-1.600000024,1,7200,BUF@VGK,VGK,BUF,,
21492-14468,G,Anders,Anders Nilsson,Nilsson,19.10769184,26,7200,VAN@OTT,VAN,OTT,,
21492-14483,G,Louis,Louis Domingue,Domingue,4,4,7200,ARI@DAL,ARI,DAL,,
21492-8426,D,Brent,Brent Burns,Burns,13.32499981,4,7200,MON@SJ,SJ,MON,,
21492-52475,C,Evgeny,Evgeny Kuznetsov,Kuznetsov,17.31666692,6,7200,TOR@WAS,WAS,TOR,,
21492-42853,G,Chris,Chris Driedger,Driedger,-7.199999809,1,7200,VAN@OTT,OTT,VAN,,
21492-8303,W,Jakub,Jakub Voracek,Voracek,19.38000031,5,7100,FLA@PHI,PHI,FLA,,
21492-8608,D,Kris,Kris Letang,Letang,14.69999949,6,7100,PIT@NYR,PIT,NYR,,
21492-8551,D,Erik,Erik Karlsson,Karlsson,17.19350681,77,7000,VAN@OTT,OTT,VAN,O,Foot
21492-8182,W,Blake,Blake Wheeler,Wheeler,13.63999939,5,6900,CLS@WPG,WPG,CLS,,
21492-8335,C,Henrik,Henrik Zetterberg,Zetterberg,18.18000031,5,6800,TB@DET,DET,TB,,
21492-14565,C,Mika,Mika Zibanejad,Zibanejad,17,6,6800,PIT@NYR,NYR,PIT,,
21492-8714,C,Nicklas,Nicklas Backstrom,Backstrom,19.56666692,6,6800,TOR@WAS,WAS,TOR,,
21492-70571,W,Jake,Jake Guentzel,Guentzel,12.69999949,6,6800,PIT@NYR,PIT,NYR,,
21492-9259,W,Mike,Mike Hoffman,Hoffman,17,5,6700,VAN@OTT,OTT,VAN,,
21492-8556,W,Claude,Claude Giroux,Giroux,17.53999939,5,6700,FLA@PHI,PHI,FLA,,
21492-14056,W,Cam,Cam Atkinson,Atkinson,10.24000015,5,6700,CLS@WPG,CLS,WPG,,
21492-12592,C,Ryan,Ryan Johansen,Johansen,9.159999847,5,6600,COL@NSH,NSH,COL,,
21492-59276,W,William,William Nylander,Nylander,14.11999969,5,6600,TOR@WAS,TOR,WAS,,
21492-41393,C,Aleksander,Aleksander Barkov,Barkov,10.80000019,4,6500,FLA@PHI,FLA,PHI,,
21492-58907,W,Nikolaj,Nikolaj Ehlers,Ehlers,22.01999969,5,6500,CLS@WPG,WPG,CLS,,
21492-8797,W,James,James van Riemsdyk,van Riemsdyk,20.56000061,5,6500,TOR@WAS,TOR,WAS,,
21492-9107,D,P.K.,P.K. Subban,Subban,18.16000061,5,6500,COL@NSH,NSH,COL,,
21492-21546,W,Alexander,Alexander Radulov,Radulov,8.1,5,6400,ARI@DAL,DAL,ARI,,
21492-8404,W,Wayne,Wayne Simmonds,Simmonds,20.3,5,6400,FLA@PHI,PHI,FLA,,
21492-8669,D,Victor,Victor Hedman,Hedman,10.5,5,6400,TB@DET,TB,DET,,
21492-15217,W,Jonathan,Jonathan Huberdeau,Huberdeau,19.25,4,6400,FLA@PHI,FLA,PHI,,
21492-9269,C,Logan,Logan Couture,Couture,8.725000381,4,6300,MON@SJ,SJ,MON,,
21492-8765,W,Patric,Patric Hornqvist,Hornqvist,15.80000051,3,6300,PIT@NYR,PIT,NYR,,
21492-9092,W,Evander,Evander Kane,Kane,26.17999878,5,6300,BUF@VGK,BUF,VGK,,
21492-14457,D,John,John Klingberg,Klingberg,17.03999939,5,6200,ARI@DAL,DAL,ARI,,
21492-12439,W,Jeff,Jeff Skinner,Skinner,14.03333282,3,6200,CAR@EDM,CAR,EDM,,
21492-8539,C,Nick,Nick Foligno,Foligno,9.280000305,5,6200,CLS@WPG,CLS,WPG,,
21492-8741,C,Nazem,Nazem Kadri,Kadri,15.56000061,5,6200,TOR@WAS,TOR,WAS,,
21492-66737,W,Mikko,Mikko Rantanen,Rantanen,12.38333384,6,6100,COL@NSH,COL,NSH,,
21492-59207,W,Viktor,Viktor Arvidsson,Arvidsson,15.46000061,5,6100,COL@NSH,NSH,COL,,
21492-8635,W,T.J.,T.J. Oshie,Oshie,19.93333308,6,6000,TOR@WAS,WAS,TOR,,
21492-12262,D,Roman,Roman Josi,Josi,5.599999905,2,6000,COL@NSH,NSH,COL,DTD,Lower body
21492-42417,C,Jonathan,Jonathan Drouin,Drouin,12.31999969,5,5900,MON@SJ,MON,SJ,,
21492-8302,W,Rick,Rick Nash,Nash,9.733333588,6,5800,PIT@NYR,NYR,PIT,,
21492-66683,W,Mitchell,Mitchell Marner,Marner,13.16000061,5,5800,TOR@WAS,TOR,WAS,,
21492-8534,C,Jason,Jason Spezza,Spezza,9.059999847,5,5800,ARI@DAL,DAL,ARI,,
21492-8619,W,Patrick,Patrick Marleau,Marleau,16.03999939,5,5800,TOR@WAS,TOR,WAS,,
21492-54743,C,Alexander,Alexander Wennberg,Wennberg,12.41999969,5,5800,CLS@WPG,CLS,WPG,,
21492-11365,D,Kevin,Kevin Shattenkirk,Shattenkirk,14.73333359,6,5700,PIT@NYR,NYR,PIT,,
21492-41391,C,Nathan,Nathan MacKinnon,MacKinnon,8.433333079,6,5700,COL@NSH,COL,NSH,,
21492-8698,W,Daniel,Daniel Sedin,Sedin,9.524999619,4,5700,VAN@OTT,VAN,OTT,,
21492-8264,D,Dustin,Dustin Byfuglien,Byfuglien,11.19999949,3,5600,CLS@WPG,WPG,CLS,,
21492-54521,D,Shayne,Shayne Gostisbehere,Gostisbehere,16.81999969,5,5600,FLA@PHI,PHI,FLA,,
21492-8467,D,Shea,Shea Weber,Weber,8.4,5,5600,MON@SJ,MON,SJ,,
21492-8502,W,Kyle,Kyle Okposo,Okposo,4.800000191,4,5600,BUF@VGK,BUF,VGK,DTD,Illness
21492-8596,C,Jordan,Jordan Staal,Staal,4.799999873,3,5600,CAR@EDM,CAR,EDM,,
21492-8726,D,Mike,Mike Green,Green,17.36000061,5,5600,TB@DET,DET,TB,,
21492-8972,C,Tyler,Tyler Bozak,Bozak,11.24000015,5,5600,TOR@WAS,TOR,WAS,,
21492-68640,D,Zach,Zach Werenski,Werenski,15.46000061,5,5500,CLS@WPG,CLS,WPG,,
21492-13982,W,Gustav,Gustav Nyquist,Nyquist,9.919999695,5,5500,TB@DET,DET,TB,,
21492-15313,W,Vladislav,Vladislav Namestnikov,Namestnikov,14.7,5,5500,TB@DET,TB,DET,,
21492-15315,W,Ondrej,Ondrej Palat,Palat,11.84000015,5,5500,TB@DET,TB,DET,,
21492-12253,W,Mats,Mats Zuccarello,Zuccarello,10.51666641,6,5500,PIT@NYR,NYR,PIT,,
21492-8162,C,Bryan,Bryan Little,Little,10.08000031,5,5500,CLS@WPG,WPG,CLS,,
21492-8202,W,Jason,Jason Pominville,Pominville,15.78000031,5,5400,BUF@VGK,BUF,VGK,,
21492-12448,C,Derek,Derek Stepan,Stepan,9.8,5,5400,ARI@DAL,ARI,DAL,,
21492-55607,D,Aaron,Aaron Ekblad,Ekblad,15.85000038,4,5400,FLA@PHI,FLA,PHI,,
21492-62788,C,Dylan,Dylan Larkin,Larkin,16.01999969,5,5400,TB@DET,DET,TB,,
21492-12628,W,Mark,Mark Stone,Stone,16.9,5,5400,VAN@OTT,OTT,VAN,,
21492-41592,W,Max,Max Domi,Domi,11.88000031,5,5400,ARI@DAL,ARI,DAL,,
21492-43134,W,Anthony,Anthony Mantha,Mantha,19.23999939,5,5300,TB@DET,DET,TB,,
21492-13612,C,Tyler,Tyler Johnson,Johnson,9.059999847,5,5300,TB@DET,TB,DET,,
21492-13981,D,Tyson,Tyson Barrie,Barrie,15.36666616,6,5300,COL@NSH,COL,NSH,,
21492-9015,D,John,John Carlson,Carlson,11.63333384,6,5300,TOR@WAS,WAS,TOR,,
21492-15283,C,Vincent,Vincent Trocheck,Trocheck,17.70000076,4,5300,FLA@PHI,FLA,PHI,,
21492-8138,W,Bobby,Bobby Ryan,Ryan,9.280000305,5,5300,VAN@OTT,OTT,VAN,,
21492-42993,D,Rasmus,Rasmus Ristolainen,Ristolainen,9.7,5,5300,BUF@VGK,BUF,VGK,,
21492-9354,W,Patrick,Patrick Maroon,Maroon,9.725000381,4,5200,CAR@EDM,EDM,CAR,,
21492-73946,W,Sebastian,Sebastian Aho,Aho,10.66666667,3,5200,CAR@EDM,CAR,EDM,,
21492-14697,W,Gabriel,Gabriel Landeskog,Landeskog,13.23333359,6,5200,COL@NSH,COL,NSH,,
21492-8583,W,Radim,Radim Vrbata,Vrbata,11.72500038,4,5200,FLA@PHI,FLA,PHI,,
21492-14178,D,Justin,Justin Faulk,Faulk,9.066666921,3,5200,CAR@EDM,CAR,EDM,,
21492-9077,C,Kyle,Kyle Turris,Turris,17.9,5,5200,VAN@OTT,OTT,VAN,,
21492-9079,D,Keith,Keith Yandle,Yandle,10.52499962,4,5200,FLA@PHI,FLA,PHI,,
21492-12244,D,Oliver,Oliver Ekman-Larsson,Ekman-Larsson,11.24000015,5,5200,ARI@DAL,ARI,DAL,,
21492-54477,W,Bryan,Bryan Rust,Rust,15.23333359,6,5100,PIT@NYR,PIT,NYR,,
21492-8614,C,Joe,Joe Thornton,Thornton,4.925000191,4,5100,MON@SJ,SJ,MON,,
21492-8640,W,David,David Perron,Perron,10.80000019,4,5100,BUF@VGK,VGK,BUF,,
21492-42912,D,Oscar,Oscar Klefbom,Klefbom,9.199999809,4,5100,CAR@EDM,EDM,CAR,,
21492-15306,W,Brendan,Brendan Gallagher,Gallagher,9.2,5,5100,MON@SJ,MON,SJ,,
21492-37968,W,Jonathan,Jonathan Marchessault,Marchessault,7.800000191,4,5000,BUF@VGK,VGK,BUF,IR,Lower body
21492-8694,C,Henrik,Henrik Sedin,Sedin,4.400000095,4,5000,VAN@OTT,VAN,OTT,,
21492-58926,C,Brayden,Brayden Point,Point,19.56000061,5,5000,TB@DET,TB,DET,,
21492-9083,D,Ryan,Ryan Ellis,Ellis,11.58732412,71,5000,COL@NSH,NSH,COL,IR,Knee
21492-9124,C,Ryan,Ryan O'Reilly,O'Reilly,6.480000305,5,5000,BUF@VGK,BUF,VGK,,
21492-8178,W,Milan,Milan Lucic,Lucic,8.800000191,4,5000,CAR@EDM,EDM,CAR,,
21492-8275,C,Matt,Matt Duchene,Duchene,14.53333282,6,4900,COL@NSH,COL,NSH,,
21492-8294,C,Derick,Derick Brassard,Brassard,16.58000031,5,4900,VAN@OTT,OTT,VAN,,
21492-9321,W,Tomas,Tomas Tatar,Tatar,5.440000153,5,4900,TB@DET,DET,TB,,
21492-14563,C,Ryan,Ryan Nugent-Hopkins,Nugent-Hopkins,9.324999809,4,4900,CAR@EDM,EDM,CAR,,
21492-21927,W,Chris,Chris Kreider,Kreider,8.883333206,6,4900,PIT@NYR,NYR,PIT,,
21492-41390,C,Elias,Elias Lindholm,Lindholm,8.53333346,3,4900,CAR@EDM,CAR,EDM,,
21492-41394,D,Seth,Seth Jones,Jones,14.23999939,5,4900,CLS@WPG,CLS,WPG,,
21492-42478,C,Bo,Bo Horvat,Horvat,11.72500038,4,4900,VAN@OTT,VAN,OTT,,
21492-70375,D,Nikita,Nikita Zaitsev,Zaitsev,16,5,4900,TOR@WAS,TOR,WAS,,
21492-15308,C,Sean,Sean Couturier,Couturier,17.11999969,5,4900,FLA@PHI,PHI,FLA,,
21492-15360,W,J.T.,J.T. Miller,Miller,8.666666667,6,4800,PIT@NYR,NYR,PIT,,
21492-12411,D,Ryan,Ryan McDonagh,McDonagh,5.866666794,6,4800,PIT@NYR,NYR,PIT,,
21492-8322,W,Loui,Loui Eriksson,Eriksson,3.200000048,4,4800,VAN@OTT,VAN,OTT,DTD,Knee
21492-70905,W,Clayton,Clayton Keller,Keller,15.61999969,5,4800,ARI@DAL,ARI,DAL,,
21492-21523,W,Alex,Alex Killorn,Killorn,15.5,5,4700,TB@DET,TB,DET,,
21492-39245,D,Jacob,Jacob Trouba,Trouba,11.2,5,4700,CLS@WPG,WPG,CLS,,
21492-58877,W,Conor,Conor Sheary,Sheary,11.15000025,6,4700,PIT@NYR,PIT,NYR,,
21492-58990,C,Kevin,Kevin Hayes,Hayes,6.53333346,6,4700,PIT@NYR,NYR,PIT,,
21492-11284,C,Cody,Cody Eakin,Eakin,7.599999905,4,4600,BUF@VGK,VGK,BUF,,
21492-8497,C,Frans,Frans Nielsen,Nielsen,8.959999847,5,4600,TB@DET,DET,TB,,
21492-8709,D,Alexander,Alexander Edler,Edler,6.400000254,3,4600,VAN@OTT,VAN,OTT,O,Lower body
21492-8875,W,Evgenii,Evgenii Dadonov,Dadonov,16.04999924,4,4600,FLA@PHI,FLA,PHI,,
21492-15287,C,Jean-Gabriel,Jean-Gabriel Pageau,Pageau,8,5,4600,VAN@OTT,OTT,VAN,,
21492-8198,W,Thomas,Thomas Vanek,Vanek,8.324999809,4,4500,VAN@OTT,VAN,OTT,,
21492-9305,W,Mathieu,Mathieu Perreault,Perreault,9.540000153,5,4500,CLS@WPG,WPG,CLS,DTD,Lower body
21492-43178,C,Teuvo,Teuvo Teravainen,Teravainen,5.333333333,3,4500,CAR@EDM,CAR,EDM,,
21492-42862,D,Olli,Olli Maatta,Maatta,14.56666692,6,4500,PIT@NYR,PIT,NYR,,
21492-15251,C,Boone,Boone Jenner,Jenner,9.928048483,82,4500,CLS@WPG,CLS,WPG,IR,Back
21492-80992,C,Nolan,Nolan Patrick,Patrick,7.2,5,4400,FLA@PHI,PHI,FLA,,
21492-40036,C,Tomas,Tomas Hertl,Hertl,8.324999809,4,4400,MON@SJ,SJ,MON,,
21492-21689,W,Reilly,Reilly Smith,Smith,6.925000191,4,4400,BUF@VGK,VGK,BUF,,
21492-8575,C,Martin,Martin Hanzal,Hanzal,6.559999847,5,4400,ARI@DAL,DAL,ARI,,
21492-12952,D,Jake,Jake Gardiner,Gardiner,9.219999695,5,4400,TOR@WAS,TOR,WAS,,
21492-79857,W,Brock,Brock Boeser,Boeser,15.85000038,2,4400,VAN@OTT,VAN,OTT,,
21492-8348,D,Niklas,Niklas Kronwall,Kronwall,3.200000048,2,4300,TB@DET,DET,TB,,
21492-8403,W,Justin,Justin Williams,Williams,9.933333079,3,4300,CAR@EDM,CAR,EDM,,
21492-54575,D,Esa,Esa Lindell,Lindell,10.08000031,5,4300,ARI@DAL,DAL,ARI,,
21492-58985,W,Jakub,Jakub Vrana,Vrana,11.73333359,6,4300,TOR@WAS,WAS,TOR,,
21492-62294,D,Brady,Brady Skjei,Skjei,8.933333079,6,4300,PIT@NYR,NYR,PIT,,
21492-15247,C,Victor,Victor Rask,Rask,8.96666654,3,4300,CAR@EDM,CAR,EDM,,
21492-66511,D,Ivan,Ivan Provorov,Provorov,13.91999969,5,4300,FLA@PHI,PHI,FLA,,
21492-37881,D,Morgan,Morgan Rielly,Rielly,11.18000031,5,4300,TOR@WAS,TOR,WAS,,
21492-8211,D,Tyler,Tyler Myers,Myers,6.320000076,5,4200,CLS@WPG,WPG,CLS,,
21492-8241,W,Jussi,Jussi Jokinen,Jokinen,6.400000095,4,4200,CAR@EDM,EDM,CAR,,
21492-55375,W,Sam,Sam Reinhart,Reinhart,2.239999962,5,4200,BUF@VGK,BUF,VGK,,
21492-66680,D,Jaccob,Jaccob Slavin,Slavin,6.400000254,3,4200,CAR@EDM,CAR,EDM,,
21492-8515,C,Brandon,Brandon Dubinsky,Dubinsky,4.159999847,5,4200,CLS@WPG,CLS,WPG,,
21492-39249,C,Nick,Nick Bjugstad,Bjugstad,14.39999962,4,4200,FLA@PHI,FLA,PHI,,
21492-8683,W,Lee,Lee Stempniak,Stempniak,7.587805027,82,4200,CAR@EDM,CAR,EDM,IR,Back
21492-58891,W,Kevin,Kevin Labanc,Labanc,15.375,4,4200,MON@SJ,SJ,MON,,
21492-23054,W,Leo,Leo Komarov,Komarov,10.28000031,5,4200,TOR@WAS,TOR,WAS,,
21492-70169,D,Troy,Troy Stecher,Stecher,3.200000048,4,4200,VAN@OTT,VAN,OTT,,
21492-8791,W,Matt,Matt Moulson,Moulson,3.200000127,3,4200,BUF@VGK,BUF,VGK,,
21492-42773,W,Oliver,Oliver Bjorkstrand,Bjorkstrand,7.040000153,5,4200,CLS@WPG,CLS,WPG,,
21492-8228,D,Dion,Dion Phaneuf,Phaneuf,14.23999939,5,4100,VAN@OTT,OTT,VAN,,
21492-14456,D,Mattias,Mattias Ekholm,Ekholm,9.7,5,4100,COL@NSH,NSH,COL,,
21492-8328,D,Matt,Matt Niskanen,Niskanen,4.479999924,5,4100,TOR@WAS,WAS,TOR,IR,Upper body
21492-8436,C,Tomas,Tomas Plekanec,Plekanec,8.8,5,4100,MON@SJ,MON,SJ,,
21492-8486,D,Paul,Paul Martin,Martin,2.400000095,2,4100,MON@SJ,SJ,MON,IR,Ankle
21492-8628,D,Marc-Edouard,Marc-Edouard Vlasic,Vlasic,6.125,4,4100,MON@SJ,SJ,MON,,
21492-23228,D,Justin,Justin Schultz,Schultz,8.75,6,4100,PIT@NYR,PIT,NYR,,
21492-11201,D,Jeff,Jeff Petry,Petry,7.2,5,4100,MON@SJ,MON,SJ,,
21492-43093,D,Shea,Shea Theodore,Theodore,6.676470588,34,4000,BUF@VGK,VGK,BUF,,
21492-8327,D,Trevor,Trevor Daley,Daley,6.719999695,5,4000,TB@DET,DET,TB,,
21492-8336,C,Valtteri,Valtteri Filppula,Filppula,12.2,5,4000,FLA@PHI,PHI,FLA,,
21492-8338,W,Johan,Johan Franzen,Franzen,0,0,4000,TB@DET,DET,TB,IR,Concussion
21492-14564,D,Adam,Adam Larsson,Larsson,9.399999619,4,4000,CAR@EDM,EDM,CAR,,
21492-39146,W,Tobias,Tobias Rieder,Rieder,8.640000153,5,4000,ARI@DAL,ARI,DAL,,
21492-39243,D,Nate,Nate Schmidt,Schmidt,13.39999962,4,4000,BUF@VGK,VGK,BUF,,
21492-8647,D,Erik,Erik Johnson,Johnson,7.200000127,6,4000,COL@NSH,COL,NSH,,
21492-58977,W,Sonny,Sonny Milano,Milano,12.8,5,4000,CLS@WPG,CLS,WPG,,
21492-23233,W,Alex,Alex Galchenyuk,Galchenyuk,5.7,5,4000,MON@SJ,MON,SJ,,
21492-80837,C,Vadim,Vadim Shipachyov,Shipachyov,0,0,4000,BUF@VGK,VGK,BUF,,
21492-42981,D,Josh,Josh Morrissey,Morrissey,11.68000031,5,4000,CLS@WPG,WPG,CLS,,
21492-8356,W,Sam,Sam Gagner,Gagner,5.199999809,4,3900,VAN@OTT,VAN,OTT,,
21492-8397,C,Brad,Brad Richardson,Richardson,4.479999924,5,3900,ARI@DAL,ARI,DAL,,
21492-64101,D,Noah,Noah Hanifin,Hanifin,13.76666641,3,3900,CAR@EDM,CAR,EDM,,
21492-23229,W,Nail,Nail Yakupov,Yakupov,12.66666667,6,3900,COL@NSH,COL,NSH,,
21492-8918,D,Anton,Anton Stralman,Stralman,8,5,3900,TB@DET,TB,DET,,
21492-8932,C,Zack,Zack Smith,Smith,10.11999969,5,3900,VAN@OTT,OTT,VAN,,
21492-42772,W,Josh,Josh Anderson,Anderson,6.133333206,3,3900,CLS@WPG,CLS,WPG,,
21492-9011,D,Andrej,Andrej Sekera,Sekera,9.873750305,80,3900,CAR@EDM,EDM,CAR,IR,Knee
21492-12291,D,Christopher,Christopher Tanev,Tanev,10.39999962,4,3800,VAN@OTT,VAN,OTT,,
21492-43022,W,Connor,Connor Brown,Brown,7.2,5,3800,TOR@WAS,TOR,WAS,,
21492-73826,W,Jimmy,Jimmy Vesey,Vesey,5.333333333,6,3800,PIT@NYR,NYR,PIT,,
21492-43120,W,Anthony,Anthony Duclair,Duclair,8.8,5,3800,ARI@DAL,ARI,DAL,,
21492-14451,C,Oscar,Oscar Lindberg,Lindberg,6.199999809,4,3800,BUF@VGK,VGK,BUF,,
21492-73909,D,Samuel,Samuel Girard,Girard,12.69999949,3,3800,COL@NSH,NSH,COL,,
21492-82120,W,Kailer,Kailer Yamamoto,Yamamoto,8,3,3800,CAR@EDM,EDM,CAR,,
21492-8410,D,Jack,Jack Johnson,Johnson,6.719999695,5,3800,CLS@WPG,CLS,WPG,,
21492-8562,W,Scott,Scott Hartnell,Hartnell,13.9,5,3800,COL@NSH,NSH,COL,,
21492-74127,D,Matt,Matt Benning,Benning,2.133333365,3,3800,CAR@EDM,EDM,CAR,,
21492-8611,D,Alex,Alex Goligoski,Goligoski,6.179999924,5,3800,ARI@DAL,ARI,DAL,,
21492-59118,W,Brendan,Brendan Perlini,Perlini,4.96666654,3,3800,ARI@DAL,ARI,DAL,IR,Upper body
21492-42833,W,Andre,Andre Burakovsky,Burakovsky,4.26666673,6,3800,TOR@WAS,WAS,TOR,,
21492-70483,W,Artturi,Artturi Lehkonen,Lehkonen,5.759999847,5,3800,MON@SJ,MON,SJ,,
21492-54126,D,Trevor,Trevor van Riemsdyk,van Riemsdyk,3.200000048,1,3800,CAR@EDM,CAR,EDM,IR,Concussion
21492-70513,W,Pavel,Pavel Buchnevich,Buchnevich,7.900000254,6,3800,PIT@NYR,NYR,PIT,,
21492-11122,C,Nick,Nick Bonino,Bonino,8.159999847,5,3800,COL@NSH,NSH,COL,,
21492-15239,W,Craig,Craig Smith,Smith,7.619999695,5,3800,COL@NSH,NSH,COL,,
21492-12299,D,David,David Savard,Savard,13.6,5,3700,CLS@WPG,CLS,WPG,,
21492-9270,D,Jason,Jason Demers,Demers,8.419999695,5,3700,ARI@DAL,ARI,DAL,,
21492-66709,C,Jared,Jared McCann,McCann,16.52499962,4,3700,FLA@PHI,FLA,PHI,,
21492-8341,W,Justin,Justin Abdelkader,Abdelkader,8.9,5,3700,TB@DET,DET,TB,,
21492-13472,D,Dmitry,Dmitry Orlov,Orlov,4.53333346,6,3700,TOR@WAS,WAS,TOR,,
21492-21690,D,Chris,Chris Wideman,Wideman,12.83999939,5,3700,VAN@OTT,OTT,VAN,,
21492-70907,D,Mikhail,Mikhail Sergachev,Sergachev,6.819999695,5,3700,TB@DET,TB,DET,,
21492-62783,W,Joonas,Joonas Donskoi,Donskoi,6.400000095,4,3700,MON@SJ,SJ,MON,,
21492-61860,D,Ben,Ben Hutton,Hutton,8.925000191,4,3700,VAN@OTT,VAN,OTT,,
21492-23061,C,Calle,Calle Jarnkrok,Jarnkrok,5.220000076,5,3700,COL@NSH,NSH,COL,,
21492-8811,W,Jannik,Jannik Hansen,Hansen,2.400000095,4,3700,MON@SJ,SJ,MON,,
21492-42791,W,Sven,Sven Andrighetto,Andrighetto,13.98333359,6,3700,COL@NSH,COL,NSH,,
21492-11148,W,Paul,Paul Byron,Byron,6.480000305,5,3700,MON@SJ,MON,SJ,,
21492-8168,D,Toby,Toby Enstrom,Enstrom,4.159999847,5,3700,CLS@WPG,WPG,CLS,,
21492-8169,D,Zach,Zach Bogosian,Bogosian,6.580357143,56,3700,BUF@VGK,BUF,VGK,IR,Lower body
21492-38933,D,Slater,Slater Koekkoek,Koekkoek,10.66666667,3,3600,TB@DET,TB,DET,,
21492-15386,C,Ryan,Ryan Strome,Strome,3.599999905,4,3600,CAR@EDM,EDM,CAR,,
21492-11303,D,Patrick,Patrick Wiercioch,Wiercioch,5.333333333,57,3600,VAN@OTT,VAN,OTT,,
21492-8310,D,Kris,Kris Russell,Russell,11.92500019,4,3600,CAR@EDM,EDM,CAR,,
21492-8311,D,Marc,Marc Methot,Methot,3.840000153,5,3600,ARI@DAL,DAL,ARI,,
21492-43132,W,Martin,Martin Frk,Frk,12.83999939,5,3600,TB@DET,DET,TB,,
21492-8340,C,Darren,Darren Helm,Helm,5.759999847,5,3600,TB@DET,DET,TB,,
21492-8350,D,Jonathan,Jonathan Ericsson,Ericsson,3.840000153,5,3600,TB@DET,DET,TB,,
21492-54482,D,Stephen,Stephen Johns,Johns,8.319999695,5,3600,ARI@DAL,DAL,ARI,,
21492-39145,D,Danny,Danny DeKeyser,DeKeyser,5.333333333,3,3600,TB@DET,DET,TB,DTD,Lower body
21492-54527,W,Connor,Connor Brickley,Brickley,13.39999962,4,3600,FLA@PHI,FLA,PHI,,
21492-8468,D,Dan,Dan Hamhuis,Hamhuis,2.666666667,3,3600,ARI@DAL,DAL,ARI,,
21492-8487,D,David Johnny,David Johnny Oduya,Oduya,4.800000191,2,3600,VAN@OTT,OTT,VAN,DTD,Lower body
21492-39235,C,Chris,Chris Tierney,Tierney,8.199999809,4,3600,MON@SJ,SJ,MON,,
21492-12613,D,Radko,Radko Gudas,Gudas,5.759999847,5,3600,FLA@PHI,PHI,FLA,,
21492-8526,D,Dan,Dan Girardi,Girardi,5.120000076,5,3600,TB@DET,TB,DET,,
21492-39271,W,Seth,Seth Griffith,Griffith,2.660000038,5,3600,BUF@VGK,BUF,VGK,,
21492-39309,D,Chad,Chad Ruhwedel,Ruhwedel,5.333333333,3,3600,PIT@NYR,PIT,NYR,,
21492-8607,D,Brooks,Brooks Orpik,Orpik,5.333333333,6,3600,TOR@WAS,WAS,TOR,,
21492-21926,D,Brian,Brian Dumoulin,Dumoulin,4.26666673,6,3600,PIT@NYR,PIT,NYR,,
21492-21936,D,Dylan,Dylan DeMelo,DeMelo,8,2,3600,MON@SJ,SJ,MON,,
21492-12744,D,Mark,Mark Pysyk,Pysyk,7.400000095,4,3600,FLA@PHI,FLA,PHI,,
21492-62927,C,Derek,Derek Ryan,Ryan,7.366666794,3,3600,CAR@EDM,CAR,EDM,,
21492-12793,D,Brayden,Brayden McNabb,McNabb,6,4,3600,BUF@VGK,VGK,BUF,,
21492-23060,D,Tim,Tim Heed,Heed,7.199999809,2,3600,MON@SJ,SJ,MON,,
21492-58974,D,Julius,Julius Honka,Honka,1.600000064,3,3600,ARI@DAL,DAL,ARI,,
21492-8810,W,Michael,Michael Grabner,Grabner,4,6,3600,PIT@NYR,NYR,PIT,,
21492-8877,D,Jason,Jason Garrison,Garrison,10,4,3600,BUF@VGK,VGK,BUF,,
21492-8878,D,Dmitry,Dmitry Kulikov,Kulikov,7.519999695,5,3600,CLS@WPG,WPG,CLS,DTD,Lower body
21492-23222,W,Zemgus,Zemgus Girgensons,Girgensons,9.759999847,5,3600,BUF@VGK,BUF,VGK,,
21492-42705,C,Colton,Colton Sissons,Sissons,2.799999952,4,3600,COL@NSH,NSH,COL,,
21492-23286,D,Ryan,Ryan Murray,Murray,9.119999695,5,3600,CLS@WPG,CLS,WPG,,
21492-11152,W,Zack,Zack Kassian,Kassian,5.199999809,4,3600,CAR@EDM,EDM,CAR,,
21492-42910,D,Darnell,Darnell Nurse,Nurse,9.600000381,4,3600,CAR@EDM,EDM,CAR,,
21492-42924,D,Colin,Colin Miller,Miller,2.799999952,4,3600,BUF@VGK,VGK,BUF,,
21492-66508,W,Travis,Travis Konecny,Konecny,8.259999847,5,3600,FLA@PHI,PHI,FLA,,
21492-15333,W,Antoine,Antoine Roussel,Roussel,1.6,5,3600,ARI@DAL,DAL,ARI,,
21492-8167,D,Ron,Ron Hainsey,Hainsey,8.319999695,5,3600,TOR@WAS,TOR,WAS,,
21492-42994,D,Nikita,Nikita Zadorov,Zadorov,8.8,5,3600,COL@NSH,COL,NSH,,
21492-11254,D,Ian,Ian Cole,Cole,4.26666673,3,3600,PIT@NYR,PIT,NYR,IR,Mouth
21492-66566,D,Robbie,Robbie Russo,Russo,2.610526235,19,3500,TB@DET,DET,TB,,
21492-79881,D,Tucker,Tucker Poolman,Poolman,4,2,3500,CLS@WPG,WPG,CLS,,
21492-79885,D,Nick,Nick DeSimone,DeSimone,0,0,3500,MON@SJ,SJ,MON,,
21492-9230,D,Cameron,Cameron Gaunce,Gaunce,5.400000254,12,3500,CLS@WPG,CLS,WPG,,
21492-15374,D,Scott,Scott Harrington,Harrington,0,1,3500,CLS@WPG,CLS,WPG,,
21492-15380,D,Jordie,Jordie Benn,Benn,5.120000076,5,3500,MON@SJ,MON,SJ,,
21492-11295,D,Steven,Steven Kampfer,Kampfer,6.400000095,2,3500,PIT@NYR,NYR,PIT,,
21492-38947,D,Andrej,Andrej Sustr,Sustr,1.600000024,1,3500,TB@DET,TB,DET,,
21492-11302,D,Eric,Eric Gryba,Gryba,2.400000095,4,3500,CAR@EDM,EDM,CAR,,
21492-15398,D,Brandon,Brandon Manning,Manning,6.400000095,2,3500,FLA@PHI,PHI,FLA,,
21492-8237,C,Brandon,Brandon Sutter,Sutter,7,4,3500,VAN@OTT,VAN,OTT,,
21492-39990,C,William,William Karlsson,Karlsson,3.200000048,4,3500,BUF@VGK,VGK,BUF,,
21492-8270,D,Niklas,Niklas Hjalmarsson,Hjalmarsson,6.4,5,3500,ARI@DAL,ARI,DAL,,
21492-13406,D,Brenden,Brenden Dillon,Dillon,6.400000095,4,3500,MON@SJ,SJ,MON,,
21492-9330,D,Yannick,Yannick Weber,Weber,4.E-01,4,3500,COL@NSH,NSH,COL,DTD,Upper body
21492-43123,D,Trevor,Trevor Carrick,Carrick,0,0,3500,CAR@EDM,CAR,EDM,,
21492-11387,D,Matt,Matt Irwin,Irwin,4.479999924,5,3500,COL@NSH,NSH,COL,,
21492-79994,D,Jakub,Jakub Jerabek,Jerabek,0,0,3500,MON@SJ,MON,SJ,,
21492-66705,D,Ian,Ian McCoshen,McCoshen,6.599999905,4,3500,FLA@PHI,FLA,PHI,,
21492-14481,D,Alexei,Alexei Emelin,Emelin,3.200000048,4,3500,COL@NSH,NSH,COL,,
21492-11410,D,Justin,Justin Braun,Braun,4.800000191,4,3500,MON@SJ,SJ,MON,,
21492-21650,D,Xavier,Xavier Ouellet,Ouellet,4.479999924,5,3500,TB@DET,DET,TB,,
21492-21651,D,Ryan,Ryan Sproul,Sproul,5.833333333,27,3500,TB@DET,DET,TB,,
21492-12447,D,Erik,Erik Gudbranson,Gudbranson,5.199999809,4,3500,VAN@OTT,VAN,OTT,,
21492-21687,D,Greg,Greg Pateryn,Pateryn,6.911111196,36,3500,ARI@DAL,DAL,ARI,,
21492-43207,D,Jake,Jake Dotchin,Dotchin,4.400000095,4,3500,TB@DET,TB,DET,,
21492-54481,D,Jake,Jake McCabe,McCabe,5.120000076,5,3500,BUF@VGK,BUF,VGK,,
21492-21732,D,Anthony,Anthony Bitetto,Bitetto,1.600000024,2,3500,COL@NSH,NSH,COL,,
21492-21735,D,Matt,Matt Tennyson,Tennyson,3.2,5,3500,BUF@VGK,BUF,VGK,,
21492-82179,W,Alexander,Alexander Kerfoot,Kerfoot,4.666666667,6,3500,COL@NSH,COL,NSH,,
21492-8451,D,Josh,Josh Gorges,Gorges,5.599999905,2,3500,BUF@VGK,BUF,VGK,,
21492-70914,D,Jakob,Jakob Chychrun,Chychrun,7.132352941,68,3500,ARI@DAL,ARI,DAL,IR,Knee
21492-8506,D,Mark,Mark Streit,Streit,2.400000095,2,3500,MON@SJ,MON,SJ,,
21492-12609,W,Zach,Zach Hyman,Hyman,8.959999847,5,3500,TOR@WAS,TOR,WAS,,
21492-12611,D,Alex,Alex Petrovic,Petrovic,4,4,3500,FLA@PHI,FLA,PHI,,
21492-39240,D,Luke,Luke Witkowski,Witkowski,1.600000024,2,3500,TB@DET,DET,TB,,
21492-8528,D,Marc,Marc Staal,Staal,6,6,3500,PIT@NYR,NYR,PIT,,
21492-8531,D,Michael,Michael Del Zotto,Del Zotto,6.800000191,4,3500,VAN@OTT,VAN,OTT,,
21492-12646,C,Alex,Alex Burmistrov,Burmistrov,4.26666673,3,3500,VAN@OTT,VAN,OTT,,
21492-8567,D,Braydon,Braydon Coburn,Coburn,7.040000153,5,3500,TB@DET,TB,DET,,
21492-23928,C,Radek,Radek Faksa,Faksa,3.520000076,5,3500,ARI@DAL,DAL,ARI,,
21492-22905,D,Fredrik,Fredrik Claesson,Claesson,5.759999847,5,3500,VAN@OTT,OTT,VAN,,
21492-39295,C,Carl,Carl Soderberg,Soderberg,5.679999924,5,3500,COL@NSH,COL,NSH,,
21492-12672,C,Greg,Greg McKegg,McKegg,9.53333346,6,3500,PIT@NYR,PIT,NYR,,
21492-8584,W,Mikkel,Mikkel Boedker,Boedker,10.44999981,4,3500,MON@SJ,SJ,MON,,
21492-12687,D,Mark,Mark Fayne,Fayne,6.400000095,4,3500,CAR@EDM,EDM,CAR,,
21492-8598,W,Chris,Chris Kunitz,Kunitz,5.6,5,3500,TB@DET,TB,DET,,
21492-12715,D,Brian,Brian Lashoff,Lashoff,1.6,5,3500,TB@DET,DET,TB,,
21492-13742,D,Ben,Ben Chiarot,Chiarot,5.640677759,59,3500,CLS@WPG,WPG,CLS,,
21492-13743,D,Mark,Mark Borowiecki,Borowiecki,7.040000153,5,3500,VAN@OTT,OTT,VAN,,
21492-8650,D,Roman,Roman Polak,Polak,5.589333496,75,3500,TOR@WAS,TOR,WAS,,
21492-8674,C,Mikhail,Mikhail Grabovski,Grabovski,0,0,3500,BUF@VGK,VGK,BUF,IR,Concussion
21492-80363,D,Andrei,Andrei Mironov,Mironov,1.600000024,1,3500,COL@NSH,COL,NSH,,
21492-8688,D,Luke,Luke Schenn,Schenn,8,5,3500,ARI@DAL,ARI,DAL,,
21492-80376,D,Victor,Victor Antipin,Antipin,2.666666667,3,3500,BUF@VGK,BUF,VGK,,
21492-23044,D,Petter,Petter Granberg,Granberg,2.079999924,10,3500,COL@NSH,NSH,COL,,
21492-23050,D,Klas,Klas Dahlbeck,Dahlbeck,2.400000095,2,3500,CAR@EDM,CAR,EDM,,
21492-80399,D,Andreas,Andreas Borgman,Borgman,4,4,3500,TOR@WAS,TOR,WAS,,
21492-8731,D,Karl,Karl Alzner,Alzner,5.2,5,3500,MON@SJ,MON,SJ,,
21492-23069,D,Adam,Adam Clendening,Clendening,3.200000048,2,3500,ARI@DAL,ARI,DAL,,
21492-58928,D,Tony,Tony DeAngelo,DeAngelo,4.800000191,4,3500,PIT@NYR,NYR,PIT,,
21492-70225,D,Gabriel,Gabriel Carlsson,Carlsson,6.400000095,4,3500,CLS@WPG,CLS,WPG,DTD,Undisclosed
21492-10842,D,Nick,Nick Holden,Holden,4.E-01,4,3500,PIT@NYR,NYR,PIT,,
21492-41591,D,Jon,Jon Merrill,Merrill,4.658823649,51,3500,BUF@VGK,VGK,BUF,,
21492-8827,D,Andrew,Andrew MacDonald,MacDonald,7.2,5,3500,FLA@PHI,PHI,FLA,,
21492-42636,D,Chris,Chris Bigras,Bigras,3.46666654,6,3500,COL@NSH,COL,NSH,,
21492-8850,D,Deryk,Deryk Engelland,Engelland,7.800000191,4,3500,BUF@VGK,VGK,BUF,,
21492-8895,D,Justin,Justin Falk,Falk,3.476923136,52,3500,BUF@VGK,BUF,VGK,IR,Undisclosed
21492-8903,D,Marco,Marco Scandella,Scandella,4.479999924,5,3500,BUF@VGK,BUF,VGK,,
21492-62158,D,Joakim,Joakim Ryan,Ryan,4,2,3500,MON@SJ,SJ,MON,,
21492-8923,D,Taylor,Taylor Chorney,Chorney,5.333333333,3,3500,TOR@WAS,WAS,TOR,,
21492-62195,D,Brett,Brett Pesce,Pesce,6.933333079,3,3500,CAR@EDM,CAR,EDM,,
21492-70416,D,Markus,Markus Nutivaara,Nutivaara,3.490908998,66,3500,CLS@WPG,CLS,WPG,,
21492-39710,D,Nick,Nick Jensen,Jensen,5.759999847,5,3500,TB@DET,DET,TB,,
21492-39714,W,Charles,Charles Hudon,Hudon,8.419999695,5,3500,MON@SJ,MON,SJ,,
21492-12094,D,Kevin,Kevin Connauton,Connauton,7.733333588,3,3500,ARI@DAL,ARI,DAL,DTD,Lower body
21492-62277,D,Mike,Mike Matheson,Matheson,6.400000095,4,3500,FLA@PHI,FLA,PHI,,
21492-70472,W,Drake,Drake Caggiula,Caggiula,2.400000095,2,3500,CAR@EDM,EDM,CAR,IR,Undisclosed
21492-14159,D,Zach,Zach Redmond,Redmond,5,16,3500,BUF@VGK,BUF,VGK,,
21492-59220,D,Haydn,Haydn Fleury,Fleury,4.26666673,3,3500,CAR@EDM,CAR,EDM,,
21492-12121,D,Cody,Cody Goloubef,Goloubef,4.509091002,33,3500,BUF@VGK,BUF,VGK,,
21492-42842,D,Madison,Madison Bowey,Bowey,0,1,3500,TOR@WAS,WAS,TOR,,
21492-42844,D,Connor,Connor Carrick,Carrick,5.333333333,3,3500,TOR@WAS,TOR,WAS,,
21492-52061,D,Dennis,Dennis Robertson,Robertson,0,0,3500,CAR@EDM,CAR,EDM,,
21492-14184,D,Martin,Martin Marincin,Marincin,5.615999756,25,3500,TOR@WAS,TOR,WAS,,
21492-9066,D,Luca,Luca Sbisa,Sbisa,9.199999809,4,3500,BUF@VGK,VGK,BUF,,
21492-42863,D,Derrick,Derrick Pouliot,Pouliot,11.19999981,1,3500,VAN@OTT,VAN,OTT,,
21492-9074,D,David,David Schlemko,Schlemko,8.411290323,62,3500,MON@SJ,MON,SJ,,
21492-23412,D,Griffin,Griffin Reinhart,Reinhart,0,0,3500,BUF@VGK,VGK,BUF,,
21492-59269,D,Robert,Robert Hagg,Hagg,2.560000038,5,3500,FLA@PHI,PHI,FLA,,
21492-59271,D,Travis,Travis Sanheim,Sanheim,4.799999873,3,3500,FLA@PHI,PHI,FLA,,
21492-14217,D,Patrik,Patrik Nemeth,Nemeth,7.733333588,6,3500,COL@NSH,COL,NSH,DTD,Upper body
21492-15259,D,Frank,Frank Corrado,Corrado,2,4,3500,PIT@NYR,PIT,NYR,,
21492-42908,D,Brad,Brad Hunt,Hunt,6.683333079,12,3500,BUF@VGK,VGK,BUF,,
21492-15277,C,Phillip,Phillip Danault,Danault,6.320000076,5,3500,MON@SJ,MON,SJ,,
21492-70582,D,Anton,Anton Lindholm,Lindholm,2.400000095,2,3500,COL@NSH,COL,NSH,,
21492-15293,D,Jamie,Jamie Oleksiak,Oleksiak,3.200000048,4,3500,ARI@DAL,DAL,ARI,,
21492-70588,D,Yohann,Yohann Auvitu,Auvitu,1.600000024,1,3500,CAR@EDM,EDM,CAR,,
21492-9158,D,Clayton,Clayton Stoner,Stoner,5.771428789,14,3500,BUF@VGK,VGK,BUF,IR,Undisclosed
21492-15302,D,Nathan,Nathan Beaulieu,Beaulieu,3.840000153,5,3500,BUF@VGK,BUF,VGK,,
21492-15318,D,Julian,Julian Melchiori,Melchiori,4.977777693,18,3500,CLS@WPG,WPG,CLS,,
21492-12249,D,Alex,Alex Biega,Biega,3.377777735,36,3500,VAN@OTT,VAN,OTT,,
21492-15328,D,Brandon,Brandon Davidson,Davidson,4.799999873,3,3500,MON@SJ,MON,SJ,,
21492-12259,D,Brendan,Brendan Smith,Smith,4.800000191,4,3500,PIT@NYR,NYR,PIT,,
21492-12265,D,Mark,Mark Barberio,Barberio,5.599999905,4,3500,COL@NSH,COL,NSH,,
21492-15346,C,Adam,Adam Lowry,Lowry,5.199999809,4,3500,CLS@WPG,WPG,CLS,DTD,Upper body
21492-15349,D,Joe,Joe Morrow,Morrow,4.047059003,17,3500,MON@SJ,MON,SJ,,
21492-79860,D,Victor,Victor Mete,Mete,4.479999924,5,3500,MON@SJ,MON,SJ,,
21492-43000,D,Samuel,Samuel Morin,Morin,3.200000048,1,3500,FLA@PHI,PHI,FLA,,
21492-37883,D,Cody,Cody Ceci,Ceci,14.5,5,3500,VAN@OTT,OTT,VAN,,
21492-15357,W,Carl,Carl Hagelin,Hagelin,4.799999873,6,3500,PIT@NYR,PIT,NYR,,
21492-8191,D,Matt,Matt Hunwick,Hunwick,6.53333346,6,3500,PIT@NYR,PIT,NYR,,
21492-12289,C,Jori,Jori Lehtera,Lehtera,5.610937595,64,3400,FLA@PHI,PHI,FLA,,
21492-8201,W,Clarke,Clarke MacArthur,MacArthur,2.400000095,4,3400,VAN@OTT,OTT,VAN,IR,Neck
21492-66620,W,Christian,Christian Fischer,Fischer,6.324999809,4,3400,ARI@DAL,ARI,DAL,,
21492-66690,W,Timo,Timo Meier,Meier,10.19999981,4,3400,MON@SJ,SJ,MON,,
21492-12449,W,Brett,Brett Connolly,Connolly,4.933333397,6,3400,TOR@WAS,WAS,TOR,,
21492-54503,W,Ryan,Ryan Dzingel,Dzingel,9.280000305,5,3400,VAN@OTT,OTT,VAN,,
21492-70901,W,Pierre-Luc,Pierre-Luc Dubois,Dubois,5.279999924,5,3400,CLS@WPG,CLS,WPG,,
21492-8459,W,Joel,Joel Ward,Ward,3.200000048,2,3400,MON@SJ,SJ,MON,,
21492-39356,W,Markus,Markus Granlund,Granlund,2.400000095,4,3400,VAN@OTT,VAN,OTT,,
21492-8703,W,Alexandre,Alexandre Burrows,Burrows,5.759999847,5,3400,VAN@OTT,OTT,VAN,,
21492-10797,C,Mark,Mark Letestu,Letestu,3.599999905,4,3400,CAR@EDM,EDM,CAR,,
21492-62157,C,Andrew,Andrew Copp,Copp,3.920000076,5,3400,CLS@WPG,WPG,CLS,,
21492-59120,C,Christian,Christian Dvorak,Dvorak,5.220000076,5,3400,ARI@DAL,ARI,DAL,,
21492-9990,C,Lars,Lars Eller,Eller,5.866666794,6,3400,TOR@WAS,WAS,TOR,,
21492-61245,C,Devin,Devin Shore,Shore,10.85999985,5,3400,ARI@DAL,DAL,ARI,,
21492-15281,C,Andrew,Andrew Shaw,Shaw,5.440000153,5,3400,MON@SJ,MON,SJ,,
21492-15395,W,Brett,Brett Ritchie,Ritchie,3.2,5,3300,ARI@DAL,DAL,ARI,,
21492-40019,W,Brendan,Brendan Leipsic,Leipsic,8.399999619,4,3300,BUF@VGK,VGK,BUF,,
21492-8362,W,Ales,Ales Hemsky,Hemsky,8.E-01,4,3300,MON@SJ,MON,SJ,,
21492-70908,C,Tyson,Tyson Jost,Jost,8.600000381,4,3300,COL@NSH,COL,NSH,DTD,Knee
21492-8464,W,Colin,Colin Wilson,Wilson,4,6,3300,COL@NSH,COL,NSH,,
21492-8520,W,Ryan,Ryan Callahan,Callahan,2.239999962,5,3300,TB@DET,TB,DET,,
21492-12625,W,Jordan,Jordan Weal,Weal,11.45999985,5,3300,FLA@PHI,PHI,FLA,,
21492-39269,C,Erik,Erik Haula,Haula,11.52499962,4,3300,BUF@VGK,VGK,BUF,IR,Undisclosed
21492-70168,W,Alex,Alex Tuch,Tuch,4,6,3300,BUF@VGK,VGK,BUF,,
21492-54867,W,Melker,Melker Karlsson,Karlsson,2.400000095,4,3300,MON@SJ,SJ,MON,,
21492-9014,C,Jay,Jay Beagle,Beagle,2.399999936,6,3300,TOR@WAS,WAS,TOR,,
21492-59208,W,Kevin,Kevin Fiala,Fiala,5.849999905,4,3300,COL@NSH,NSH,COL,,
21492-9104,C,David,David Desharnais,Desharnais,4,6,3300,PIT@NYR,NYR,PIT,,
21492-15270,W,Sven,Sven Baertschi,Baertschi,6.800000191,4,3300,VAN@OTT,VAN,OTT,,
21492-42998,W,Taylor,Taylor Leier,Leier,6.079999924,5,3300,FLA@PHI,PHI,FLA,,
21492-43008,W,Jordan,Jordan Martinook,Martinook,4.400000095,4,3200,ARI@DAL,ARI,DAL,,
21492-59413,W,Jake,Jake Virtanen,Virtanen,1.600000064,3,3200,VAN@OTT,VAN,OTT,,
21492-68646,W,Brandon,Brandon Tanev,Tanev,5.679999924,5,3200,CLS@WPG,WPG,CLS,,
21492-43133,C,Luke,Luke Glendening,Glendening,8.4,5,3200,TB@DET,DET,TB,,
21492-21755,W,Alex,Alex Chiasson,Chiasson,1.866666635,6,3200,TOR@WAS,WAS,TOR,,
21492-60686,W,Mattias,Mattias Janmark,Janmark,9.6,5,3200,ARI@DAL,DAL,ARI,,
21492-53527,W,Marko,Marko Dano,Dano,0,4,3200,CLS@WPG,WPG,CLS,,
21492-54577,W,Pontus,Pontus Aberg,Aberg,4.400000095,4,3200,COL@NSH,NSH,COL,,
21492-8503,W,Blake,Blake Comeau,Comeau,3.200000127,6,3200,COL@NSH,COL,NSH,,
21492-39234,W,Matt,Matt Nieto,Nieto,1.066666683,3,3200,COL@NSH,COL,NSH,,
21492-62816,W,Anton,Anton Slepyshev,Slepyshev,8.E-01,2,3200,CAR@EDM,EDM,CAR,,
21492-23051,W,Joakim,Joakim Nordstrom,Nordstrom,8.266666412,3,3200,CAR@EDM,CAR,EDM,,
21492-23053,W,Jesper,Jesper Fast,Fast,3.200000048,1,3200,PIT@NYR,NYR,PIT,,
21492-8829,C,Nate,Nate Thompson,Thompson,3.2,5,3200,VAN@OTT,OTT,VAN,,
21492-70279,C,J.T.,J.T. Compher,Compher,10.06666692,6,3200,COL@NSH,COL,NSH,,
21492-54951,W,Pierre-Edouard,Pierre-Edouard Bellemare,Bellemare,3.599999905,4,3200,BUF@VGK,VGK,BUF,,
21492-23226,W,Tom,Tom Wilson,Wilson,1.600000024,2,3200,TOR@WAS,WAS,TOR,,
21492-14151,W,Austin,Austin Watson,Watson,2.239999962,5,3200,COL@NSH,NSH,COL,,
21492-9203,W,Tom,Tom Pyatt,Pyatt,9.280000305,5,3200,VAN@OTT,OTT,VAN,,
21492-40039,W,Michael,Michael Raffl,Raffl,6.4E-01,5,3100,FLA@PHI,PHI,FLA,,
21492-14462,C,Johan,Johan Larsson,Larsson,2.560000038,5,3100,BUF@VGK,BUF,VGK,,
21492-9390,C,Dominic,Dominic Moore,Moore,15.19999981,2,3100,TOR@WAS,TOR,WAS,,
21492-9393,W,Eric,Eric Fehr,Fehr,2.666666667,3,3100,TOR@WAS,TOR,WAS,,
21492-21710,W,J.T.,J.T. Brown,Brown,1.600000024,1,3100,TB@DET,TB,DET,,
21492-8420,W,Benoit,Benoit Pouliot,Pouliot,2.879999924,5,3100,BUF@VGK,BUF,VGK,,
21492-73981,W,Denis,Denis Malgin,Malgin,5.02553185,47,3100,FLA@PHI,FLA,PHI,,
21492-12645,W,Devante,Devante Smith-Pelly,Smith-Pelly,6.400000254,6,3100,TOR@WAS,WAS,TOR,,
21492-53606,C,Yanni,Yanni Gourde,Gourde,3.2,5,3100,TB@DET,TB,DET,,
21492-13913,W,Tom,Tom Kuhnhackl,Kuhnhackl,5.21666654,6,3100,PIT@NYR,PIT,NYR,,
21492-8992,W,Colton,Colton Sceviour,Sceviour,9.899999619,4,3100,FLA@PHI,FLA,PHI,DTD,Head
21492-42841,W,Nathan,Nathan Walker,Walker,7.599999905,2,3100,TOR@WAS,WAS,TOR,,
21492-11225,W,Dale,Dale Weise,Weise,3.840000153,5,3100,FLA@PHI,PHI,FLA,,
21492-42983,W,Joel,Joel Armia,Armia,3.200000127,3,3100,CLS@WPG,WPG,CLS,,
21492-37880,C,Scott,Scott Laughton,Laughton,11.91999969,5,3100,FLA@PHI,PHI,FLA,,
21492-66561,W,Evgeny,Evgeny Svechnikov,Svechnikov,4,2,3000,TB@DET,DET,TB,O,Neck
21492-59393,C,Curtis,Curtis Valk,Valk,0,0,3000,FLA@PHI,FLA,PHI,,
21492-37893,W,Stefan,Stefan Matteau,Matteau,0,0,3000,BUF@VGK,VGK,BUF,,
21492-43014,W,William,William Carrier,Carrier,2.799999952,4,3000,BUF@VGK,VGK,BUF,,
21492-11277,C,Jordan,Jordan Schroeder,Schroeder,5.708108026,37,3000,CLS@WPG,CLS,WPG,O,Concussion
21492-79887,C,Mike,Mike Vecchione,Vecchione,1.600000024,2,3000,FLA@PHI,PHI,FLA,,
21492-43024,C,Frederik,Frederik Gauthier,Gauthier,3.961904617,21,3000,TOR@WAS,TOR,WAS,IR,Leg
21492-79898,C,Colin,Colin White,White,1.600000024,2,3000,VAN@OTT,OTT,VAN,IR,Wrist
21492-11293,C,Joe,Joe Colborne,Colborne,2.91451608,62,3000,COL@NSH,COL,NSH,,
21492-68656,W,Adam,Adam Chapie,Chapie,0,0,3000,PIT@NYR,NYR,PIT,,
21492-66611,W,Lawson,Lawson Crouse,Crouse,4.479999924,5,3000,ARI@DAL,ARI,DAL,,
21492-68667,W,Tyler,Tyler Motte,Motte,5.575757576,33,3000,CLS@WPG,CLS,WPG,,
21492-8278,W,Cody,Cody McLeod,McLeod,2.799999952,4,3000,COL@NSH,NSH,COL,,
21492-8305,W,Derek,Derek Dorsett,Dorsett,6.599999905,4,3000,VAN@OTT,VAN,OTT,,
21492-82045,C,Martin,Martin Necas,Necas,0,0,3000,CAR@EDM,CAR,EDM,,
21492-43135,W,Tyler,Tyler Bertuzzi,Bertuzzi,6.85714E-01,7,3000,TB@DET,DET,TB,IR,Wrist
21492-82049,W,Owen,Owen Tippett,Tippett,0,0,3000,FLA@PHI,FLA,PHI,,
21492-43140,W,Barclay,Barclay Goodrow,Goodrow,4.799999873,3,3000,MON@SJ,SJ,MON,,
21492-82054,W,Luke,Luke Esposito,Esposito,0,0,3000,TB@DET,DET,TB,,
21492-14486,W,Garrett,Garrett Wilson,Wilson,0,0,3000,PIT@NYR,PIT,NYR,,
21492-82087,C,Filip,Filip Chytil,Chytil,0,2,3000,PIT@NYR,NYR,PIT,,
21492-8378,W,David,David Booth,Booth,1.066666683,3,3000,TB@DET,DET,TB,,
21492-66791,W,Carter,Carter Rowney,Rowney,3.46666654,6,3000,PIT@NYR,PIT,NYR,,
21492-54517,W,Jacob,Jacob De La Rose,De La Rose,1.600000024,4,3000,MON@SJ,MON,SJ,,
21492-70906,W,Alexander,Alexander Nylander,Nylander,4.400000095,4,3000,BUF@VGK,BUF,VGK,,
21492-82198,C,Mark,Mark Kastelic,Kastelic,0,0,3000,MON@SJ,SJ,MON,,
21492-58685,W,Josh,Josh Archibald,Archibald,5.879999924,10,3000,PIT@NYR,PIT,NYR,,
21492-39252,W,Brock,Brock McGinn,McGinn,3.200000127,3,3000,CAR@EDM,CAR,EDM,,
21492-12643,W,Emerson,Emerson Etem,Etem,0,3,3000,ARI@DAL,ARI,DAL,,
21492-12652,W,Michael,Michael Bournival,Bournival,4.463158055,19,3000,TB@DET,TB,DET,,
21492-39296,W,Curtis,Curtis McKenzie,McKenzie,5.796226645,53,3000,ARI@DAL,DAL,ARI,,
21492-8581,W,Kevin,Kevin Porter,Porter,8.E-01,2,3000,BUF@VGK,BUF,VGK,,
21492-21921,C,Riley,Riley Sheahan,Sheahan,1.920000076,5,3000,TB@DET,DET,TB,,
21492-8616,C,Torrey,Torrey Mitchell,Mitchell,8.E-01,2,3000,MON@SJ,MON,SJ,,
21492-8620,W,Jamie,Jamie McGinn,McGinn,7.599999905,4,3000,FLA@PHI,FLA,PHI,,
21492-12718,W,Tyler,Tyler Pitlick,Pitlick,2.879999924,5,3000,ARI@DAL,DAL,ARI,,
21492-65969,C,Dylan,Dylan Strome,Strome,2.400000095,2,3000,ARI@DAL,ARI,DAL,,
21492-12732,W,Michael,Michael Sgarbossa,Sgarbossa,4.194736681,38,3000,CLS@WPG,WPG,CLS,,
21492-12738,W,Jordan,Jordan Nolan,Nolan,0,3,3000,BUF@VGK,BUF,VGK,,
21492-39405,W,Miikka,Miikka Salomaki,Salomaki,2.400000095,4,3000,COL@NSH,NSH,COL,,
21492-80391,W,Mario,Mario Kempe,Kempe,8.266666412,3,3000,ARI@DAL,ARI,DAL,,
21492-58890,W,Nikolay,Nikolay Goldobin,Goldobin,4.628571647,14,3000,VAN@OTT,VAN,OTT,,
21492-23052,W,Teemu,Teemu Pulkkinen,Pulkkinen,3.446153787,13,3000,BUF@VGK,VGK,BUF,,
21492-54816,W,Max,Max McCormick,McCormick,1.828571456,7,3000,VAN@OTT,OTT,VAN,,
21492-54822,W,Jason,Jason Dickinson,Dickinson,4.479999924,10,3000,ARI@DAL,DAL,ARI,,
21492-8746,W,Matt,Matt Calvert,Calvert,6.719999695,5,3000,CLS@WPG,CLS,WPG,,
21492-8759,W,Derek,Derek MacKenzie,MacKenzie,4.800000191,4,3000,FLA@PHI,FLA,PHI,,
21492-54850,W,Gemel,Gemel Smith,Smith,6.400000095,1,3000,ARI@DAL,DAL,ARI,,
21492-62019,W,Nikita,Nikita Soshnikov,Soshnikov,4.451785769,56,3000,TOR@WAS,TOR,WAS,,
21492-10835,W,Chris,Chris Terry,Terry,4.685714177,14,3000,MON@SJ,MON,SJ,,
21492-13911,C,Marcus,Marcus Kruger,Kruger,6.400000254,3,3000,CAR@EDM,CAR,EDM,,
21492-58972,W,Remi,Remi Elie,Elie,3.200000127,3,3000,ARI@DAL,DAL,ARI,,
21492-13932,W,Matt,Matt Read,Read,6.244444348,63,3000,FLA@PHI,PHI,FLA,,
21492-42628,W,Andrew,Andrew Agozzino,Agozzino,0,0,3000,COL@NSH,COL,NSH,,
21492-59012,W,Jayce,Jayce Hawryluk,Hawryluk,0,0,3000,FLA@PHI,FLA,PHI,,
21492-59018,W,Iiro,Iiro Pakarinen,Pakarinen,1.600000064,3,3000,CAR@EDM,EDM,CAR,,
21492-8866,C,Cody,Cody Bass,Bass,8.88889E-01,9,3000,COL@NSH,NSH,COL,,
21492-8868,W,Erik,Erik Condra,Condra,1.846153846,13,3000,TB@DET,TB,DET,IR,Back
21492-10924,W,Adam,Adam Cracknell,Cracknell,2.666666667,3,3000,PIT@NYR,NYR,PIT,,
21492-8879,W,Shawn,Shawn Matthias,Matthias,3.840000153,5,3000,CLS@WPG,WPG,CLS,,
21492-8887,W,Ryan,Ryan Reaves,Reaves,3.866666794,6,3000,PIT@NYR,PIT,NYR,,
21492-39676,C,Cedric,Cedric Paquette,Paquette,3.599999905,4,3000,TB@DET,TB,DET,,
21492-39677,C,Brendan,Brendan Gaunce,Gaunce,2.470175492,57,3000,VAN@OTT,VAN,OTT,IR,Shoulder
21492-14084,W,Paul,Paul Thompson,Thompson,3.80952381,21,3000,BUF@VGK,VGK,BUF,,
21492-42786,C,Justin,Justin Dowling,Dowling,3.788888719,9,3000,ARI@DAL,DAL,ARI,,
21492-42795,W,Michael,Michael McCarron,McCarron,3.587096676,31,3000,MON@SJ,MON,SJ,,
21492-59209,C,Frederick,Frederick Gaudreau,Gaudreau,3.199999915,9,3000,COL@NSH,NSH,COL,,
21492-12122,C,Gabriel,Gabriel Dumont,Dumont,2.400000095,2,3000,TB@DET,TB,DET,,
21492-59235,W,Tomas,Tomas Nosek,Nosek,5.800000191,4,3000,BUF@VGK,VGK,BUF,,
21492-59261,W,Nick,Nick Paul,Paul,6.400000095,1,3000,VAN@OTT,OTT,VAN,,
21492-15252,C,Lukas,Lukas Sedlak,Sedlak,5.279999924,5,3000,CLS@WPG,CLS,WPG,,
21492-15255,W,Josh,Josh Leivo,Leivo,10.70000047,13,3000,TOR@WAS,TOR,WAS,,
21492-70552,W,Marcus,Marcus Sorensen,Sorensen,4.673684371,19,3000,MON@SJ,SJ,MON,,
21492-11162,C,Zac,Zac Dalpe,Dalpe,3.599999905,4,3000,CLS@WPG,CLS,WPG,,
21492-42906,W,Jujhar,Jujhar Khaira,Khaira,0,3,3000,CAR@EDM,EDM,CAR,,
21492-12192,C,Jacob,Jacob Josefson,Josefson,2.879999924,5,3000,BUF@VGK,BUF,VGK,,
21492-15264,W,Niklas,Niklas Jensen,Jensen,2.285714286,7,3000,PIT@NYR,NYR,PIT,,
21492-9121,W,Matt,Matt Hendricks,Hendricks,4.800000145,42,3000,CLS@WPG,WPG,CLS,IR,Undisclosed
21492-12202,W,Andrew,Andrew Desjardins,Desjardins,2.365217458,46,3000,PIT@NYR,NYR,PIT,,
21492-54200,C,Ryan,Ryan Carpenter,Carpenter,3.200000048,2,3000,MON@SJ,SJ,MON,,
21492-15289,W,Matt,Matt Puempel,Puempel,4.677500153,40,3000,PIT@NYR,NYR,PIT,,
21492-15298,C,Tyler,Tyler Graovac,Graovac,8.E-01,2,3000,TOR@WAS,WAS,TOR,,
21492-15307,C,Nick,Nick Cousins,Cousins,3.200000048,4,3000,ARI@DAL,ARI,DAL,,
21492-42970,W,Josh,Josh Jooris,Jooris,5.222222222,54,3000,CAR@EDM,CAR,EDM,,
21492-42977,C,Nic,Nic Petan,Petan,1.600000024,4,3000,CLS@WPG,WPG,CLS,,
21492-9194,W,Micheal,Micheal Haley,Haley,4.400000095,4,3000,FLA@PHI,FLA,PHI,,
21492-62442,W,Markus,Markus Hannikainen,Hannikainen,2.133333365,3,3000,CLS@WPG,CLS,WPG,,
21492-9196,W,Matt,Matt Martin,Martin,3.2,5,3000,TOR@WAS,TOR,WAS,,
21492-62445,W,Evan,Evan Rodrigues,Rodrigues,5.510000102,30,3000,BUF@VGK,BUF,VGK,IR,Hand
21492-15354,W,Tomas,Tomas Hyka,Hyka,0,0,3000,BUF@VGK,VGK,BUF,,
21492-37884,C,Ben,Ben Street,Street,3.46666654,6,3000,TB@DET,DET,TB,,

